relative_path,size_bytes,sha256
.gitattributes,394,62c08567017d1fbceb4ae472ff5bbca0e0121f24112e737da3e17584495952c1
.gitignore,171,b7b19ac1c55a2b616b0ed43eaf9215e4cd709af65256af863f64f1d2c86cf5cb
CITATION.cff,379,5bf1d556ad0d429a637d0136756a5a7ea59e19d232411bdc81b0addc82e1c551
DATA_AVAILABILITY.md,477,76cd43b96640145da4c4dd4d2b641043afd537289550b40bba497030215d268f
FINAL_RELEASE_AUDIT.txt,2087,2cbc84665cb33493d8104a9f23eed05d2bed7caf4fb3f9ddf25d809d59cda8d9
LICENSE,440,42b4af8c9a469ea6493015a9948f0b4ca0a0b5d28c075bb46deda359bf52f149
MANUSCRIPT_ALIGNMENT_REPORT.md,1570,fc56c0e825cc4c662025c490c4770aa0e8594963b06941c52205903d42531794
README.md,5001,165388622c72ceb924403649aae38d489425a1274ab5292c7d152bcc501c51a9
RUN_ALL_TESTS.bat,124,259221f037b73bf1162337b4291673dc03fc68fe99932e398c5bcbc4cb47c4df
configs/baselines_locked.json,892,a65bf0f028c5ff08259ba63fa858a90a3b7254bc472a5a3145e5670df6abe2e3
configs/experiment_locked.json,743,0291efa14dfad6d88d26dd5f6e8e228ee5c337e3cbebec5ac3136f9b3a15b987
configs/paths.example.json,184,a40c6d5e01bc861e0ef6dceb7f23316831d13b93157e4b63eb7bc8d7d8ec0f8f
docs/EXPECTED_OUTPUTS.md,1315,e9f7e5b00684549bfa27db85c52e9eb8d98366743811873dd1b57e64f499b547
docs/PAPER_ARTIFACT_MAP.md,2761,43644198840f224e7bedce92fe3943473b6ce33337fcbe0261b4e3dc03da9054
docs/QUICKSTART.md,1864,71df40093da92083b9b71767731162e840b4ed80501ae53ff37ed3c28cdb2559
docs/REPRODUCIBILITY_LEVELS.md,742,06a934517f1fd1d825465184a9fe547ba4b08551add89623cd35a1f81f8b6f3d
environment/environment.yml,200,1232df1e39b92aae27f71f3b529e7b854f8dca3e5ed47fbe6ddca746d3446200
environment/requirements-minimum.txt,67,0e9bcf8594b761864a73f79301457cb2ae7aef1cdcd34f234691113eeed9a5d6
figures/gamma_sweep_decision_coverage_false_exclusion.pdf,18457,04551dc35e2992e327ef14aa594f84a10d1e585e4e96eada2e24a262288a60b6
figures/gamma_sweep_decision_coverage_false_exclusion.png,186248,6ee266c80ac98a08a5c66cf671d52a18bab427142f226fabca7984d7841f4153
figures/gamma_sweep_set_size_search_reduction.pdf,18940,3684b426a3753722530fd19d0c6d71657bdaccc2a0b41fc8038d6adb21815b3c
figures/gamma_sweep_set_size_search_reduction.png,254380,16d83353e9e54257e48224c0846dbd22f551d2c62587579133e901b51ea07c7a
figures/q10_q90_signature_interval_heatmap.pdf,31723,79d1b10a375a4cc59e5f2a74bb8a6e90bd7be7b373fe9049a00b129cf5ee4c73
figures/q10_q90_signature_interval_heatmap.png,356876,195cc0a4b3d5459f1291309802d272105bb93951b6deb04e01e020b8c8b1d2ac
figures/q10_q90_signature_interval_heatmap_metadata.json,1343,c8a703408e2a034356393bc7468d23cb43e5cdf8468daeb8e7a40a9c692a4d3b
figures/risk_coverage_curves_metadata.json,1767,28b48dc165db01b742effcdc0a80c170e7a5af779c599cc2bd5a0131d6457875
figures/workload_conditioned_risk_coverage.pdf,18716,58a4632085b2e96e64fc5eb979b3487070ab7686a08c8226f892c654b5b61ffa
figures/workload_conditioned_risk_coverage.png,260234,721e709a6027ded9d733e93325a198308cf81e68ea8d6be34844a4a387b649cf
manifests/checkpoint_inventory.csv,1636,a7f39b1d2cb493c2655c3cddf21fc8e0145d91e9d9471fe1910d973dc7c25ee7
manifests/locked_results_verification.csv,2162,c4be0669501a3e9fe679b75cf0642483bf14019ce07f437c4779cffb5950241a
manifests/locked_results_verification.json,8049,da2178271344a55c099eb942bfbbd00f5ef6b38630cdfc0a06d547801c1400ca
manifests/release_only_assets.csv,1603,dfffb041728b5a8771fd0c6ef3256161da09535d13cc1f38b3638df9cc23399c
manifests/reviewer_requirements_matrix.csv,1118,30fe795ab18828809349d7038717d398216cdcda100a5e12c5a988f433640fd5
notebooks/HSNNET_LOCKED_BANK_FULL_RUN.ipynb,64865,b1e1906eef4c3741423bc4c63f8f3bf306bd635850afafb7ef607eb5cf6c6083
results/archive/BOSSBASE_CANDIDATE_04bpp_later_rerun/0d5a2a4d68__final_per_algorithm.csv,1001,2e596412ffd8b538187d7920f0837f1eb911fce58a130d383b43a106e8e6abc0
results/archive/BOSSBASE_CANDIDATE_04bpp_later_rerun/37d8f8759f__final_summary.json,1391,49145c7920f2580dd229026ec515f5f9549a508315d0b13eadf24b6a364ba5ca
results/archive/BOSSBASE_CANDIDATE_04bpp_later_rerun/3c4cf3f599__final_top1_confusion_matrix.csv,200,8d10097c1d14bbbdfbf20ee5c35590c4aa6779d0e7b42bfa1abd4a4f1c12275a
results/archive/bossbase_04_later_rerun/cache_test/p_HILL.npy,36128,6b982de5f83ba952e47c9577aeafaaf0c661fdbf36a0027ed8110b521f4b2270
results/archive/bossbase_04_later_rerun/cache_test/p_HUGO.npy,36128,b28f74f81f924965ad7e486871de692d87dfab59657cf0ce5ab6202d3185f120
results/archive/bossbase_04_later_rerun/cache_test/p_MiPOD.npy,36128,6e961fe10cb24a292ac985a8f6caa264e1061368485256271aeecc8ff77ff390
results/archive/bossbase_04_later_rerun/cache_test/p_SUNIWARD.npy,36128,b0283a0c96cfaf5323846383a3264d5d8eabeb4a2a390271cbc520da4fe38372
results/archive/bossbase_04_later_rerun/cache_test/p_WOW.npy,36128,63a778e49eb0fd6cb8497506898cc7a65889eaa08a79271b91cd0084d9e634ca
results/archive/bossbase_04_later_rerun/cache_validation/p_HILL.npy,36128,fb9b1c65867d080a416fbb23ac1820e8ca0e1c524b9890dbbb1b9cbaffa7fc37
results/archive/bossbase_04_later_rerun/cache_validation/p_HUGO.npy,36128,f2bd5df8fb507f70bda125c96084d263c9ca6ea75edd1f17a3f22c95fdd831c0
results/archive/bossbase_04_later_rerun/cache_validation/p_MiPOD.npy,36128,5d6b510c88984db150cf6b91dbc5589a8a4b250a182bde8a2e988431b556b83d
results/archive/bossbase_04_later_rerun/cache_validation/p_SUNIWARD.npy,36128,63822104f22dd1cba6f037d88ad76812797e7b856c043fb3ba5a6983ffa0df0a
results/archive/bossbase_04_later_rerun/cache_validation/p_WOW.npy,36128,3da1c43b5dced52b6043c0081e544284de331343896ef15b1197d716b9190633
results/archive/bossbase_04_later_rerun/dimension_cover_calibration.json,461,182ecca56c27a1d0ac0056562da12660e4090dae90360f0307a365effc480bfa
results/archive/bossbase_04_later_rerun/final_cross_template_signature_table.csv,5780,8257b791d2409edbf14e9859f783b0746b6a23939f6f8091dc0ce1baf7877141
results/archive/bossbase_04_later_rerun/final_cross_template_signatures.json,10030,147a530355af3bcb4182bccd0f25098ffb66fe4e9986ce383ccaae76b6ddc197
results/archive/bossbase_04_later_rerun/final_per_algorithm.csv,1001,2e596412ffd8b538187d7920f0837f1eb911fce58a130d383b43a106e8e6abc0
results/archive/bossbase_04_later_rerun/final_predictions_all.csv,2398424,3f1fd299599aa67b7115761001765ba9d1e5c44bd39cf32531dd08f5e0e5d67a
results/archive/bossbase_04_later_rerun/final_predictions_cover.csv,399231,4fe3efb6e1962246ed532c590347ea4d2b59bb59004754772b11c90dea616c94
results/archive/bossbase_04_later_rerun/final_predictions_stego.csv,1999612,2dfe534f4d0cc4417629d440e806f9a5d78229acda5f92ed14e02b664bdaf4a0
results/archive/bossbase_04_later_rerun/final_summary.json,1391,49145c7920f2580dd229026ec515f5f9549a508315d0b13eadf24b6a364ba5ca
results/archive/bossbase_04_later_rerun/final_top1_confusion_matrix.csv,200,8d10097c1d14bbbdfbf20ee5c35590c4aa6779d0e7b42bfa1abd4a4f1c12275a
results/archive/bossbase_04_later_rerun/template_manifest.json,63582,2fa288489e31cb9600df8188688c822d0838f3a85d03b95660c8939945610631
results/archive/bossbase_04_later_rerun/test_response_matrix_raw.csv,1264936,329b81c0ac5795bb4260c0ef9b4127e84179e63276013b32dd9d3441f70351ba
results/archive/bossbase_04_later_rerun/test_response_matrix_z.csv,1731819,52b29480552c3a7661f1d86a1713a4e6638078553216277e2bf81a8ee61c5d53
results/archive/bossbase_04_later_rerun/validation_response_matrix_raw.csv,1319665,5f49decda3c82bc0645bbda6f51f1dc82fc8663a5f62e84a2fe78d3a24912d16
results/archive/bossbase_04_later_rerun/validation_response_matrix_z.csv,1786903,3ef5da5cb5940db9687a0caed516b6be4d5d85f188c29906defdfd0c529ffc98
results/archive/generated_legacy_numbering/fig6_workload_coverage_false_exclusion.pdf,17360,0ff3204d69b579989a8130c5f8d269fd453e75ac8889e98f86becaf655817a36
results/archive/generated_legacy_numbering/fig6_workload_coverage_false_exclusion.png,169497,6c92aeb1f193fa6f7b1dcffb900e3d8a8516f5d75d720ca002232520baec9f8c
results/archive/generated_legacy_numbering/table_8a_workload_conditioned_risk_coverage.csv,555,60450531ee78b197d33c93a9224c70f1337b1cfd4a2502a384f59cc15b44f515
results/archive/generated_legacy_numbering/table_8b_proposed_vs_mondrian.csv,479,0e4b39d6b635bc87fbf29dd9073931bd24e9773990132a709107b213a64466fe
results/archive/step6_legacy_numbering/fig6_workload_coverage_false_exclusion.pdf,17351,bf513cfa7bfafab1c34d5b2ee3bf102a1c44664052f4bab2fb5c6849f19909de
results/archive/step6_legacy_numbering/fig6_workload_coverage_false_exclusion.png,167322,b6e043db9dcd65a90f4ad0df6e12700d100027fbddf8185ea14654139270ef6b
results/archive/step6_legacy_numbering/table_8a_workload_conditioned_risk_coverage.csv,555,2f10150440077d987d4df5e63cae4f5ca51f1baf1311002589cdb433a37765dc
results/archive/step6_legacy_numbering/table_8b_proposed_vs_mondrian.csv,474,51db1debfdb28599a1d309623dda64a0729d7de658edb28473d1a8e32279579c
results/baselines/0190ce0df8__external_response_matrix_raw.csv,4340691,b786f01255a60ccff0ea7eaf4b03cb30ce0a057c77cdfcbcc0b5bf1a001f20a9
results/baselines/0433d495f8__logistic_baseline_predictions.csv,840704,dea63d9235e9bcc4d18d51b78da9cbd510bda2dded2d2028114942a09835385c
results/baselines/060ccb67f0__response_vectors_stego_only_calibrated.csv,7530287,349c84546912ea35884ef1ccd8acf7247164328f84d793b878a41d4bc068d5fa
results/baselines/12fec28420__response_vectors_stego_only.csv,5080407,869706751fb138229d927008eca6d7cedaf7286e1b7e53f9d4b592dc776ecea1
results/baselines/132998a83b__validation_response_matrix_raw.csv,1309167,73315160850f680fa5151717e00c6a2874419e0da582394353ac5c2232ee2b5b
results/baselines/14a0d2052e__validation_response_matrix_raw.csv,1319665,5f49decda3c82bc0645bbda6f51f1dc82fc8663a5f62e84a2fe78d3a24912d16
results/baselines/1645b793c6__external_response_matrix_z.csv,5877622,6c132c39746be0cbd8ab9d7898c3acc6f3dc2a9620985fabc1e0c0c5dc297cd8
results/baselines/17f466c6e5__external_response_matrix_raw.csv.gz,1563818,83c58f1020ceada3b4119c10a9b5af8158ae0ff55ccb20f76769962510240901
results/baselines/22de0e3a74__test_response_matrix.csv,4111114,f0a9a93d0cab8ae827bb1b4ad7fa110f8c098ac23718df45736599fcb36f7bf4
results/baselines/244a9288b6__cross_response_behavior_matrix_mean.csv,564,cef19360c86c886bb371a4a92502aa5d7b91d2632aa375bf357414f37e9614a9
results/baselines/315db79f94__euclidean_response_vectors_test.csv.gz,2444119,ce4f55cefcf98879e9ae2338904a91c78ef5ed450be68d23f8c2ed9592f84aa9
results/baselines/37f409f5c1__response_matrix_mean_prob__copy4__copy1.csv,336,38703a4079369c7b4bbd62f0e40fc15598b606d027e35241c13ca039a14dea1e
results/baselines/3e27e3765b__final_response_vectors_test_mahal_cos.csv.gz,2715860,84e9fec0f10f3fdbc65720e7b1745103b741b8ef85f7c0ef9062779459055b25
results/baselines/40cda61938__external_response_matrix_raw.csv.gz,1344773,9eb177ab8be139554ee1ebc94f52d88b701ed2c464d2111a9794f8c555292b78
results/baselines/42051ba352__response_vectors_all_samples.csv,6061659,e81f687d4b360e3a09a1cd6abf40390d7f39a7636763a06d4e78c052ef1a0beb
results/baselines/4ce46c8366__validation_response_matrix_z.csv,1786903,3ef5da5cb5940db9687a0caed516b6be4d5d85f188c29906defdfd0c529ffc98
results/baselines/4e4e736768__euclidean_response_vectors_cover_only.csv,1404070,913ce1b054948627b911d908293dfdfb59ae50773e7e9b99fc4b5c39413956c2
results/baselines/4f2f4cc9d8__response_vectors_cover_only_calibrated.csv,1475168,3745abaffbdada9cd5e51b22fe20d573765a349855c8feac445130a26b1b9276
results/baselines/5bcffe9488__external_cover_baselines__copy6.csv,2134,740d4cc14503b538bfd3073bde7169bc3430c7b83f6bb515a5e9d5ecec76f2ab
results/baselines/5ddb8bb91b__external_response_matrix_z.csv,5906048,896cad74ac481b370c915771983639fa511a22ead94bdaf4d8bffb50e9992fca
results/baselines/5f9d6af7a6__response_vectors_all_samples_calibrated.csv.gz,2511285,eb876df4bbaae42a50925d92ada826832bbd49ed54e6d2a76f72ff9c13c83c01
results/baselines/699026e196__logistic_baseline_config.json,1021,5fd20075f6ad0b7dab790623b806d46ad42614b99bee22e2a2245a213997e650
results/baselines/73af76f534__euclidean_response_vectors_stego_only.csv,7176855,4563ee74927e070fcfc63ae9063444dd9dccdd9b06e024802da78e1a09964a11
results/baselines/7b95f76231__test_response_matrix.csv,4120114,de54577c1cf14ce7f6ec2fcaa23e8a663f338d2c88ccf4f3623a4eadff8f5304
results/baselines/7bb4dc97b8__euclidean_response_vectors_cover_only.csv,1402570,7612b238985f6aad661717715ec8102b08ae30bd88c88faddbd80d5ef80bceb6
results/baselines/7be832cf20__validation_response_matrix_z.csv,4972035,e25116f44b491e8c68d3b9f504c071e220d35ee1b371b812938435adc88ad23f
results/baselines/7cf580fafe__response_matrix_mean_margin__copy4__copy1.csv,384,d70c1be182ae4b0eb307a7404e5f662f4c16f0c340dd2d8e98eeb2173304b82e
results/baselines/8159cb973a__final_response_vectors_stego_only_mahal_cos.csv,8004138,ecbda8d45292a1fad19acd836d0652a4eb37b2520f527bca2ab0d0d7f983c640
results/baselines/8dcc0421e4__logistic_baseline_results.json,2839,db271e5bd0914b69059071807f941542f61bf4ac0fe44f5a66d5d37d25005dde
results/baselines/916ffeaa3b__final_response_vectors_cover_only_mahal_cos.csv,1562967,8665f68d83d3fd04e408d2055a7a1862d430d8ec8e604efedbaaa419eb41b5f9
results/baselines/96d4280583__validation_response_matrix_z.csv,4963035,9679756c23d4eb7438edb8ea388463ebadf2b35d5f165444d135d9a2b24dffb5
results/baselines/98ad66ddc1__euclidean_response_vectors_test.csv.gz,2444217,88f989533588ab8522b6d5a406770b5f06b828af43f86587ec4fc9cb312cc58b
results/baselines/9b552d55f2__response_matrix_mean_prob__copy5.csv,302,09629709a73596dcdaac6c8f52ca6e40f62380abb6020b236aac580cdd7a496b
results/baselines/a23a234c2f__validation_response_vectors__copy3.csv.gz,2842727,d8711cd633115a2b5c46449c5dcdc3ae42d19b149ec6a7bc4731e023d05a4ded
results/baselines/a4a48f3fd8__validation_response_matrix_z.csv,1791084,b8041872238954148bdfb4250bc8e0844024098b7a50a2c135b495f5f02ab04e
results/baselines/a5175fc9d5__final_response_vectors_test_mahal_cos.csv.gz,2715781,00b4647bf33c7de5f969031723867f4d3e9e0700a5c47a1361a54d8972873b96
results/baselines/a51fba565f__04_cross_response_behavior_matrix_mean.csv,253,4128902863b1096e61802d1ed331a4aca7e73422581e5feb7382aaccab075c8c
results/baselines/b4ba93190f__final_response_vectors_stego_only_mahal_cos.csv,8011638,3a9b8439d7ec9e2d588e0fc851051b7d313c6faac3c3658445cfc8bd030bf71d
results/baselines/bc3c1a045e__response_vectors_cover_only_calibrated.csv,1476668,98c9fc94cc4fed12cb06112fd58f28e1f07b4c8f42449c3ef006573f0cd794af
results/baselines/c07eced850__final_response_vectors_cover_only_mahal_cos.csv,1564467,1cb907eba811dde8ed20486ed08bbe66725ce19b603bc5abbb67446119888cd9
results/baselines/c4beb154b5__test_response_matrix_z.csv,1736094,e56d24f84bab993f805c9d4f55a22b8c60532af9e17f56b74f7841cd9e343c61
results/baselines/c8598a0c3b__validation_response_matrix.csv,4111823,f6c66c13f20d2684ca9b5a5a93f429f2cfd825986fadba055bb2bdd13fdf389b
results/baselines/cb3994853b__test_response_matrix_z.csv,4971279,0106f8c0dbc2a6d4a1c1892d2487779c4a40e92dffb1b9474c9ce0e93e38601e
results/baselines/d0b4a82cf1__test_response_matrix_raw.csv,1264936,329b81c0ac5795bb4260c0ef9b4127e84179e63276013b32dd9d3441f70351ba
results/baselines/d2a1a50f0c__logistic_baseline_results.json,2819,e4dfb3ea72eae92359509e50c1e57433f860274a87a9d76db6c9f37317810124
results/baselines/d2ecb79e6b__response_vectors_stego_only.csv,5087907,d25c9980dde4c55d36e83b5493d4998fcbb2c1609a84fb24bcf1ac3cf227c142
results/baselines/d729731647__test_response_matrix_z.csv,1731819,52b29480552c3a7661f1d86a1713a4e6638078553216277e2bf81a8ee61c5d53
results/baselines/deb99b2048__response_matrix_mean_margin__copy5.csv,362,8a527234975a5762d5c35e4b835c5c608f609fde434f69653e40e82341259e8e
results/baselines/e063d3a6b9__test_response_matrix_raw.csv,1254702,108f4bdb6900a5a35e7053aa5b64cd491137b7acc32f931ea6ce0d2e42a0adb3
results/baselines/e2204cb9fc__external_response_vectors.csv,2940770,b83f0f6468be2e4f83be29393f816a1a5e71330caf5daf47b69296ffc8af4bc1
results/baselines/e4fa69a4fd__euclidean_response_vectors_stego_only.csv,7169355,b784de98749c344c01c0edfaa178c7f41abae6e20004b2edb935a5c137209813
results/baselines/e7f5b8bbe1__response_vectors_stego_only_calibrated.csv,7537787,4706abe1109ee35aa42cee4d9f45109239cf8996e66ec04ca7e030c4d3c7be49
results/baselines/e8ff7fd8c1__logistic_baseline_config.json,1041,1f3d69151d3a448fdf5e517f89983ab0f04e749621432e6569a52ee9de97ffc6
results/baselines/e91a9147ae__external_response_matrix_raw.csv,4314077,bfce3a34c17a2086b8aa1d09de9da1159638e1720c5a28eae9fd025559060eda
results/baselines/ee6bb3c2fe__response_vectors_cover_only.csv,974414,35e8c5bc5fdc2757e89ab011adceb0cee9fabb2d8e21adc35d45603f51e52b87
results/baselines/ee95dc7d45__external_response_matrix_z.csv.gz,2409099,5fda248a50cd120289bd7f1a78e11bf0189e76b56c59f1ede3671f58c3da1fe5
results/baselines/f466798d4b__response_vectors_all_samples_calibrated.csv.gz,2511166,cb930e65331238192827baefb1ed3524c97d9ba693bbf298436c0c0c19841c76
results/baselines/f884a977b2__validation_response_matrix.csv,4102823,3c0a9747e69475ac443a7f7f8327ce5f71e00f2b93f26b24983714c486e6043d
results/baselines/f9b967f45b__external_response_matrix_z.csv.gz,2994134,861702001e4c9e2de8df0bc264154691a551ea18e0132241a5d89c62a3e4aee7
results/baselines/fbb1a8df31__test_response_matrix_z.csv,4980279,1a33a6c60800c320f96218bc5f27500316010269e0940925482579ad0a03f46e
results/core/bossbase_02/cache_test/p_HILL.npy,36128,9cf75072e9d7a3e7addf86a3389bc1ddd8400b3ec016f70420a25a80ce053208
results/core/bossbase_02/cache_test/p_HUGO.npy,36128,19caea8a5b5a9c58c856ac0bf46aced41d35866d11c5ba98d3693230425295da
results/core/bossbase_02/cache_test/p_MiPOD.npy,36128,b71aa3998750019cb97e7ed5620672af5f4467eb708b942244b4ad5e67d8ccf6
results/core/bossbase_02/cache_test/p_SUNIWARD.npy,36128,b175791f93643507e43ac32bad865399b8d6861cac1466c273fa6fddd464ab26
results/core/bossbase_02/cache_test/p_WOW.npy,36128,b61e11e2fc3dbfa24db1ae8d98fea2f44d9727385aff87f2be834f55ae645845
results/core/bossbase_02/cache_validation/p_HILL.npy,36128,b85a4b79b02b8e839bca16369d64cc4ae492415d1bd1f66f68b3aca9aaa5577c
results/core/bossbase_02/cache_validation/p_HUGO.npy,36128,abc4e70c6fe7e9cdc7c2d240e07094c2dd5c3957ead1498913d9862665955044
results/core/bossbase_02/cache_validation/p_MiPOD.npy,36128,6d295b85c0a94b67703b51b166b1e104805816f4ab353e97df6348c584f103b6
results/core/bossbase_02/cache_validation/p_SUNIWARD.npy,36128,3c05ad1dcb781ec17c914187262d42dfd73276289c341b48422e9a61cbe082e3
results/core/bossbase_02/cache_validation/p_WOW.npy,36128,577dca7b427b0a38389ff2a5d59d4ac69647eb42afe412cec2a9292f2b6159ae
results/core/bossbase_02/dimension_cover_calibration.json,460,bd517d17f2529ed4de9c5658640f28e9dadb9933019d1da6e20e466b09c72cc3
results/core/bossbase_02/final_cross_template_signature_table.csv,5856,b307bb87fb02eb4601bd5c5740c7c953852358ae6871a367944062ea6aecb905
results/core/bossbase_02/final_cross_template_signatures.json,10106,8eefb3e2a6012d63d25819e26938d3c2a9ac6c3bf65c1fde7894a95f512fe1d8
results/core/bossbase_02/final_per_algorithm.csv,900,ed315d76febc8b24dba90cce6552a509b871ef2aef9371cfd8988f7f1abe710a
results/core/bossbase_02/final_predictions_all.csv,2250244,9df0631fa34d4da59054649788ed4cbfa3d8ef3b5bf18405a5dbe5b5c161a583
results/core/bossbase_02/final_predictions_cover.csv,376494,5a0cafda43b7cd4f9a03f8e67b278150baec7c3f18178428ff59ad3881638e15
results/core/bossbase_02/final_predictions_stego.csv,1874169,c8e707a89b0977a0f34d2e9215342bba0fb37eaf52bfe328bc65d893ef705513
results/core/bossbase_02/final_summary.json,1419,2845d7380813b150465c65440019cc671295f3d6eab4ca7020b0e176d3e1f1a6
results/core/bossbase_02/final_top1_confusion_matrix.csv,199,940005afcd9ee001921b42227d1e44e5e45736a7e6a8a4eba1734b9c1fdc3ce6
results/core/bossbase_02/template_manifest.json,63582,b721d7c3a752692225eec0855dff4a3d121a4b9ad8c26cfbe38dd561349337d2
results/core/bossbase_02/test_response_matrix_raw.csv,1254702,108f4bdb6900a5a35e7053aa5b64cd491137b7acc32f931ea6ce0d2e42a0adb3
results/core/bossbase_02/test_response_matrix_z.csv,1736094,e56d24f84bab993f805c9d4f55a22b8c60532af9e17f56b74f7841cd9e343c61
results/core/bossbase_02/validation_response_matrix_raw.csv,1309167,73315160850f680fa5151717e00c6a2874419e0da582394353ac5c2232ee2b5b
results/core/bossbase_02/validation_response_matrix_z.csv,1791084,b8041872238954148bdfb4250bc8e0844024098b7a50a2c135b495f5f02ab04e
results/core/bossbase_04/cover_normalization_statistics.json,899,2ccaa45a7f73f18f3e0c5dc2916ffaa94b18008289fa6706d0d31cff4636d458
results/core/bossbase_04/final_cross_template_signature_table.csv,5797,5c18092787a37b9e4d112751c1e988e3c41370d32b7246279580e259dd8eaf5a
results/core/bossbase_04/final_per_algorithm.csv,947,5bc924c1badb02ee4ae580923acd2b33248ee9f8574ccc2366651d31dd65a18b
results/core/bossbase_04/final_predictions_all.csv,2460531,d28e690cd9719f5971a33e4239a21d856a9b521fb99c0daeb92d6b79f09231df
results/core/bossbase_04/final_predictions_cover.csv,400112,aa94988e8298d92f653f03c6cf5cf7b5a47181fba10ebe5b4ed80d5661a0d190
results/core/bossbase_04/final_predictions_stego.csv,2060838,388bce1ac34ea45b5fb84f38f0d241d1ae50060677cb537521c2cc41cc80d874
results/core/bossbase_04/final_summary.json,1096,ddc7c883a32a8e39fc2ea2641901050aa4a70c90a3cb89ed3ab829ed947fe3f8
results/core/bossbase_04/q10_q90_response_signatures.json,2289,25c8ea353c1313c63b17a4e1dbe8f1d970337e4c695d6b88368f0af495499e8c
results/core/bossbase_04/source_evidence/bootstrap_confidence_intervals.csv,176,32e358e3bc31f1d38cf7c25bd13152aad10a6ef028c535e1fba4fe72d8eb81b5
results/core/bossbase_04/source_evidence/cross_template_range_grid_results.csv,4893,fad73360ca0de1905b9b3150efe3092fbdeeb555d196c227f4df7d76e00c6cae
results/core/bossbase_04/source_evidence/ranked_candidate_analysis_per_sample.csv,1028098,27c739cefda89211e6ba606fb5a1bc6f3b4474b1670b708d3868b768b6699e09
results/core/bossbase_04/table_9_candidate_size_conditioned.csv,702,3cc2e2ac49013cf0c11583f0f9c7236f0f96806fa4ce07923eb0f75ac1d5a651
results/core/bossbase_04/test_response_matrix_z.csv,4971279,0106f8c0dbc2a6d4a1c1892d2487779c4a40e92dffb1b9474c9ce0e93e38601e
results/core/bossbase_04/validation_response_matrix_z.csv,4972035,e25116f44b491e8c68d3b9f504c071e220d35ee1b371b812938435adc88ad23f
results/core/bows2_02/cache/p_HILL.npy,240128,9a0d198de1f5b4dc5f28df73b4947dd974b35579c14b9b05e0f0112a520ee80f
results/core/bows2_02/cache/p_HUGO.npy,240128,95d0364d44b806ec66e7a1d247c1372e2226803c043c68b229a56e8f84bc610e
results/core/bows2_02/cache/p_MiPOD.npy,240128,9189f97ffa70d148a8b8e1906f3c39d1fbd416cc5facb4704287754f3c390eca
results/core/bows2_02/cache/p_SUNIWARD.npy,240128,37982c45a842e7c51707faea59ff04629322b51c4fc7a956803345a662250481
results/core/bows2_02/cache/p_WOW.npy,240128,b375be2cde716b7d3e62eb589d6f4358a5db2d305431ed80fd388416c90a7f93
results/core/bows2_02/external_candidate_per_algorithm.csv,555,acb265f1dc7fc32a4df8ff6e0bf19c42648df28a8e8e5ee5361ffe8034795cfc
results/core/bows2_02/external_candidate_predictions.csv.gz,1761764,49ff3bd0e5f7979fd8ec83f17d9d40bc28c8066853e307fb6899b7d02b82aec8
results/core/bows2_02/external_candidate_summary.json,2195,31d9be264b12d46645145f727fbc310478be785c97e1440a602957c317e3e9e2
results/core/bows2_02/external_response_matrix_raw.csv.gz,1344761,9baa2dad9747e80297e0eb429eb76860b0ac767d7081cc6936f29d83503f2c27
results/core/bows2_02/external_response_matrix_z.csv.gz,2409087,7c94485d279dd3e217301d3863586bb71b397422955bc56203ac5021f7f53452
results/core/bows2_02/external_top1_confusion_matrix.csv,212,46abdf0acefcd32881926df45d057070d46a24a7eb46e6899a0fb09b541aee37
results/core/bows2_04/cache/p_HILL.npy,240128,4e9fadfb4740434d4cf9a160fc439bee6d1ce4d40c70fa11678da90edfdbfe10
results/core/bows2_04/cache/p_HUGO.npy,240128,246fa037405b149dd18b3e5b2eeb099cb69f1e5eefbfe19b10a43b0175590872
results/core/bows2_04/cache/p_MiPOD.npy,240128,effb98139d8eaf8b17b45e1fdfce61d5ff983b88a508c96dbda71bd4283b14b5
results/core/bows2_04/cache/p_SUNIWARD.npy,240128,124389c3b735a49775c9719f2de15fcde567bede42ac64465be8e80a692ab539
results/core/bows2_04/cache/p_WOW.npy,240128,cab65657adcd23e94a1cff958afa3cb821f6306f14e1ceb0d9e23cc5e2414a46
results/core/bows2_04/external_candidate_per_algorithm.csv,560,42408ae6cf257d2a3a5961cdd1f96f72e78b131bbfec952fea101118099a1e24
results/core/bows2_04/external_candidate_predictions.csv.gz,2809859,96b23510b1937b3f728f2724ebb312a4e174c6d0a999d757585e316f20ea7536
results/core/bows2_04/external_candidate_summary.json,2196,3d2a5c0a873dd7d772e1bd41d0bbc0c74fe4db0a73d408ea59c35fc8b47e9dc9
results/core/bows2_04/external_response_matrix_raw.csv.gz,1563806,5e9dda682f24c1394248312f16fb777a0cf8502a50dfb1a060522c7b6136506d
results/core/bows2_04/external_response_matrix_z.csv.gz,2994122,c5bf220103497d274628bfdd8709b7295517a5e26cd9ff8fba7c754bb92da1e8
results/core/bows2_04/external_top1_confusion_matrix.csv,225,0919e903e778f00a1dbc1d56f664b795418d307fc6c662b8626df0d9b9a9f4f2
results/multiseed/011b2a10aa__BOSS_WOW_0p2bpp_seed42__copy2.json,2048,9e41b44024865c1b24a7572eace48132a7309d24111a2abb24e3857dda16ddbc
results/multiseed/08d10d2dfb__BOSS_HUGO_0p2bpp_seed999__copy2.json,2051,fab1be7604974ac0289f2c1fedde5cd197276cd76a0a935b14db03d6deffaee7
results/multiseed/08e843b69a__BOSS_WOW_0p4bpp_seed42__copy2.json,2021,118bc6b16af4956d4b3676cc2b45f054b1a7448bef01feb12a6dd1ea1626fa77
results/multiseed/0ac445c78d__multi_seed_summary.csv,2004,c58796d84eef2d5d33f344d66d284957656f59e199e453e2c208ac794d274e22
results/multiseed/129995dc5e__BOSS_S-UNIWARD_0p4bpp_seed999__copy2.json,2064,e5822bb2c78794555f99b863eac6ffc1150f715e973d41561be8b74c711d2d8d
results/multiseed/1a576cf488__BOSS_HUGO_0p4bpp_seed42__copy2.json,2051,f49944e0e666e87c0b4a82adfc6490ed100770518dfd1419e5ea25bb2c2414ab
results/multiseed/2592a35988__BOSS_HILL_0p4bpp_seed999__copy2.json,2047,c224fbb899a0ab4d381c75b2ef32c69e2c6679ac7d35097d34a67697247bb12b
results/multiseed/3515b9290e__BOSS_WOW_0p2bpp_seed999__copy2.json,2046,5c3591eb74b48a8c160d92885248072ab95776c4b06e79ffc49d566d7f3699aa
results/multiseed/4318e23fce__BOSS_S-UNIWARD_0p4bpp_seed42__copy2.json,2031,c97276e6fd954136966cb3944660b99532fd11c700d402ae6bff2ccc47a303eb
results/multiseed/49aa2966f8__BOSS_MiPOD_0p4bpp_seed42__copy2.json,2020,b60184cc463d965e17cb024cb95e67df4fe13533d954887e905ff33128b92e71
results/multiseed/4a0779be55__BOSS_MiPOD_0p2bpp_seed42__copy2.json,2020,b87f724f47889ba5ce745ee6b2b30e05fbd5a23a40040264e75f7fdc5676aae3
results/multiseed/4dd3f3ee22__multi_seed_results_by_seed.csv,1023,ba4ca939fdb9e5cc74de0cabf580e9083f05003c9fb6efab60e266a5cb55d1ce
results/multiseed/4e93a4fa76__BOSS_MiPOD_0p4bpp_seed123__copy2.json,2023,2fc6d3169c1a3c3a4b90a065995dbfddbf295a8383dd345341720fbfd87b90df
results/multiseed/52c1ec7329__BOSS_HUGO_0p2bpp_seed42__copy2.json,2019,9f0a70c60c89187f6260f39cf5b56e8532bf76c64811fbf1a9455fde18e1db18
results/multiseed/53ac1427c7__multi_seed_summary.json,6389,a15be3cb3ffc3f9975a0e3d6228caae7383880917b1213108ee6ceb626685e4a
results/multiseed/61789d3ffc__BOSS_HUGO_0p2bpp_seed123__copy2.json,2018,8fd84599d3306ada58b265065d1e6b660fda31f29212123fbf9ecff9418ca3d3
results/multiseed/685e1add6e__BOSS_MiPOD_0p4bpp_seed999__copy2.json,2019,689a5cd9ccdef97c895eaa0af9b123b0728a146206d692c7801a150244ccc1dc
results/multiseed/7baecfbf15__BOSS_MiPOD_0p2bpp_seed123__copy2.json,2024,3d70c41ce25dc051d259a5b960e19761c9cc8541a1a751115b8aadcf13f03c2c
results/multiseed/7baf71b86d__BOSS_HILL_0p2bpp_seed999__copy2.json,2023,7234788900c0b0be472a0b5947dcdac1a5b9964866c2e4df8f1da42d46caf69e
results/multiseed/80448c3b62__BOSS_WOW_0p4bpp_seed123__copy2.json,2016,87bd4cf67f883d47f11cd5e35941e4af323f16e6ad03e950a6dff8423e2774e7
results/multiseed/8d2a7ce777__BOSS_HILL_0p4bpp_seed42__copy2.json,2019,85414c6251b1a06f9e4a8ee86de516d6bf0caa8e0bc86567d491711476938fe4
results/multiseed/9aad1acf93__BOSS_HILL_0p2bpp_seed42__copy2.json,2019,ef12e9aa619434333016575aca2bda8566d2490b4bfce1895d5625458073e33f
results/multiseed/9e4dd86f60__BOSS_WOW_0p4bpp_seed999__copy2.json,2021,dc0763dee6661c0fd9016cb2996b6e718c9d2ddb4fec38b1e60e24e52dc30c50
results/multiseed/a23f50021a__BOSS_S-UNIWARD_0p2bpp_seed999__copy2.json,2060,1967fb91b5c890e3d73082e1d3a43dfaefb76e448d47fd078d13ecafcd09ba6d
results/multiseed/a72991a252__BOSS_S-UNIWARD_0p2bpp_seed42__copy2.json,2030,831ebf181a1d62b3aa51e5d4d2827c880bb661f0ed3dc9aaab1da61b93c371d9
results/multiseed/a7a78684c5__BOSS_MiPOD_0p2bpp_seed999__copy2.json,2050,57174db49d746539f3bc76703c3e824df5411a876957cd1b5085383073808e57
results/multiseed/b661aa01d0__multi_seed_summary.json,2582,5c6da6dc6551678e40bebeb33d856e87b16844648c82a8381a9e30d486b0858b
results/multiseed/ba1fe2b58c__BOSS_WOW_0p2bpp_seed123__copy2.json,2015,665b147b5c929b61f10fe83b2a1578d2068ef11a700ff9c0ed72cd9a410b1204
results/multiseed/c15c9b2c45__multi_seed_summary.csv,1982,7366fd80618b644dae6a28e0eff9f509a374793caa7b8952e78d7451eb1f83c0
results/multiseed/c3b2eef6c1__BOSS_HILL_0p4bpp_seed123__copy2.json,2025,e8e3afaf72ebf238d3848124016b8629020e3271444650b04de09dfc2a4f946e
results/multiseed/ca3a3e168a__BOSS_S-UNIWARD_0p2bpp_seed123__copy2.json,2032,01a068f0c635cfa6b24f64fea99c55da04d26a067ce9c6d76c8bf93d24130ba7
results/multiseed/cba75edd1d__BOSS_HUGO_0p4bpp_seed999__copy2.json,2053,886a8a2f8dfd975a5d95973091624e509c7144a881c7efcdf3b49dd051eaba43
results/multiseed/ce5e9abdab__BOSS_HILL_0p2bpp_seed123__copy2.json,2019,aa4b649aaf35166856ab4ed0f6036d8891a70a3702b23afe954fdbbeee76b95d
results/multiseed/d675e33f18__multi_seed_summary.json,6427,5087fbb24a3ccb24ca7ce53c8524d2c5d857181576973b286a40e7857092d9b7
results/multiseed/e0fb1004e0__partial_all_seed_results.json,11882,e72edca59b3f7e2f2d1097bdcc6a029f92def6351a67745cb0f65e02428ade71
results/multiseed/e2209c001d__BOSS_HUGO_0p4bpp_seed123__copy2.json,2021,3f375ed2f6db1f6442d375c2bfcd316f04603021824ed54154574b560e9d9745
results/multiseed/edbfc5295d__BOSS_S-UNIWARD_0p4bpp_seed123__copy2.json,2030,078b2af4f6329d30f38571d38af44161add416604c5f7700530b2f2dfe3a28fe
results/risk_conformal/step5_bows2_04/STEP5_VERIFICATION_REPORT.txt,1919,9cbbd0ef082a6285de71fad13b4578619a891e5847e68f0e876b6ac6d99ccc05
results/risk_conformal/step5_bows2_04/bows2_04_locked_summary.json,1177,3682564d1c22d49670eb7122e4f8ff2f12713146c081750380ed74256e048019
results/risk_conformal/step5_bows2_04/bows2_04_locked_verification.csv,607,cb077afe029abb053c0afadc6a04d8798f29c36f0ab076c2c0e393238d5bbf06
results/risk_conformal/step5_bows2_04/bows2_04_per_image_cover_predictions.csv,2582790,4e5003006bac516af84f187512b26a13ccc8bdbd90828ce510cd5368fb7eba6d
results/risk_conformal/step5_bows2_04/bows2_04_per_image_stego_predictions.csv.gz,2255637,c66ecfce44370154a26f22b3c13ba2cefbf792f4b3d791b6aff571312a83aea1
results/risk_conformal/step6_verified/STEP6B_FINAL_REPORT.txt,1247,baa52d9188ab732396225ddbbedaaf66d946a3ea921bcd6e5969a3fac97526f5
results/risk_conformal/step6_verified/fig3_workload_coverage_false_exclusion.pdf,17351,bf513cfa7bfafab1c34d5b2ee3bf102a1c44664052f4bab2fb5c6849f19909de
results/risk_conformal/step6_verified/fig3_workload_coverage_false_exclusion.png,167322,b6e043db9dcd65a90f4ad0df6e12700d100027fbddf8185ea14654139270ef6b
results/risk_conformal/step6_verified/gamma_sweep_201_points.csv,13496,79d54943aee49d8f7cf874d1b0eadb28a6bbbc88d169bbf31088e50e27ad4a7b
results/risk_conformal/step6_verified/mondrian_crossfitted_per_image_predictions.csv,4210062,7a55326054a8e06348d1896aa2e30974b51edd69edfe2802f25a3c51f60ad1af
results/risk_conformal/step6_verified/mondrian_exact_class_thresholds.csv,731,e3e2a4cee6b1bf40d3e15ffcdfa790f67907c957dc149f4cb28c9e063ac35156
results/risk_conformal/step6_verified/mondrian_exact_fold_counts.csv,147,7a04e393bfd6f122b2c5861babf5a25174513644c23388b9dac43166fe0fe30c
results/risk_conformal/step6_verified/mondrian_exact_protocol.json,799,c21a50c14014c61331a44720d437ea22a983d7556945d4ccf180d1effc35b588
results/risk_conformal/step6_verified/mondrian_exact_verification.csv,426,9269fc3356d2d0197279cfd70ad5912bc93a5bb139fbc98076c92b5d92227c09
results/risk_conformal/step6_verified/mondrian_reconstruction_audit.csv,2387,143ced8689ce38909a11d307f662f15a954140d7101a95274696cbbca8ffbfe4
results/risk_conformal/step6_verified/table_9a_workload_conditioned_risk_coverage.csv,555,2f10150440077d987d4df5e63cae4f5ca51f1baf1311002589cdb433a37765dc
results/risk_conformal/step6_verified/table_9b_proposed_vs_mondrian.csv,474,51db1debfdb28599a1d309623dda64a0729d7de658edb28473d1a8e32279579c
results/supplementary_tables/BOSSBASE_CANDIDATE_02bpp/45bcbc1573__final_summary.json,1419,2845d7380813b150465c65440019cc671295f3d6eab4ca7020b0e176d3e1f1a6
results/supplementary_tables/BOSSBASE_CANDIDATE_02bpp/7220e4cc23__final_top1_confusion_matrix.csv,199,940005afcd9ee001921b42227d1e44e5e45736a7e6a8a4eba1734b9c1fdc3ce6
results/supplementary_tables/BOSSBASE_CANDIDATE_02bpp/ab9e72dbac__final_per_algorithm.csv,900,ed315d76febc8b24dba90cce6552a509b871ef2aef9371cfd8988f7f1abe710a
results/supplementary_tables/BOSSBASE_CANDIDATE_04bpp/final_per_algorithm.csv,947,5bc924c1badb02ee4ae580923acd2b33248ee9f8574ccc2366651d31dd65a18b
results/supplementary_tables/BOSSBASE_CANDIDATE_04bpp/final_summary.json,1096,ddc7c883a32a8e39fc2ea2641901050aa4a70c90a3cb89ed3ab829ed947fe3f8
results/supplementary_tables/BOSSBASE_CANDIDATE_04bpp/table_9_candidate_size_conditioned.csv,702,3cc2e2ac49013cf0c11583f0f9c7236f0f96806fa4ce07923eb0f75ac1d5a651
results/supplementary_tables/BOWS2_EXTERNAL_FULL5_CANDIDATE_02bpp/04dadf1c1d__external_candidate_summary.json,2195,31d9be264b12d46645145f727fbc310478be785c97e1440a602957c317e3e9e2
results/supplementary_tables/BOWS2_EXTERNAL_FULL5_CANDIDATE_02bpp/78004e90d3__external_top1_confusion_matrix.csv,212,46abdf0acefcd32881926df45d057070d46a24a7eb46e6899a0fb09b541aee37
results/supplementary_tables/BOWS2_EXTERNAL_FULL5_CANDIDATE_02bpp/c079f5ec9a__external_candidate_per_algorithm.csv,555,acb265f1dc7fc32a4df8ff6e0bf19c42648df28a8e8e5ee5361ffe8034795cfc
results/supplementary_tables/BOWS2_EXTERNAL_FULL5_CANDIDATE_04bpp/644483ffed__external_candidate_per_algorithm.csv,560,42408ae6cf257d2a3a5961cdd1f96f72e78b131bbfec952fea101118099a1e24
results/supplementary_tables/BOWS2_EXTERNAL_FULL5_CANDIDATE_04bpp/a379b4ca3d__external_candidate_summary.json,2196,3d2a5c0a873dd7d772e1bd41d0bbc0c74fe4db0a73d408ea59c35fc8b47e9dc9
results/supplementary_tables/BOWS2_EXTERNAL_FULL5_CANDIDATE_04bpp/aac3988d06__external_top1_confusion_matrix.csv,225,0919e903e778f00a1dbc1d56f664b795418d307fc6c662b8626df0d9b9a9f4f2
results/supplementary_tables/STEP5_BOWS2_04_VERIFIED/8b4ac95df8__bows2_04_locked_summary.json,1177,3682564d1c22d49670eb7122e4f8ff2f12713146c081750380ed74256e048019
results/supplementary_tables/STEP6_RISK_CONFORMAL_VERIFIED/d19c35a8cf__gamma_sweep_201_points.csv,13496,79d54943aee49d8f7cf874d1b0eadb28a6bbbc88d169bbf31088e50e27ad4a7b
results/supplementary_tables/STEP6_RISK_CONFORMAL_VERIFIED/table_9a_workload_conditioned_risk_coverage.csv,555,2f10150440077d987d4df5e63cae4f5ca51f1baf1311002589cdb433a37765dc
results/supplementary_tables/STEP6_RISK_CONFORMAL_VERIFIED/table_9b_proposed_vs_mondrian.csv,474,51db1debfdb28599a1d309623dda64a0729d7de658edb28473d1a8e32279579c
scripts/__pycache__/repro_utils.cpython-312.pyc,13694,2323f155c6e29627cbc5fe9a7c76b7396ffe2fee118cd9536d572226dbdb3013
scripts/__pycache__/verify_release.cpython-312.pyc,9449,20207355b1f8fe99ed9c2d88cc21044819422ba5d9447ad06fa9675ffaad3f0d
scripts/generate_q10_q90_heatmap.py,13504,67b22816b3ce872c58a7a709807ac28e5b0601c72e2a88802f00d206d62a0827
scripts/generate_risk_coverage_curves.py,24680,2df3cb9523cb59172de3a11f472e8807fac5caaa9276c0e364461efb825ef063
scripts/rebuild_candidate_bank.py,20431,b222ce6ff7cc2abd2c619ccdc029d060d452d37503953aa8c412852c69d8a6b2
scripts/regenerate_tables.py,7945,acb9b6345e0a3d5ae0b2d0a350e0e9b1a349e7ac7600f64f81afc85985e211c4
scripts/repro_utils.py,8847,2ec63b7343814f808f91d6ae7930abdb6574e84a3acd4a854c2d7aa4f2063174
scripts/reproduce_bossbase04_manuscript.py,13852,a0176d9295d2bf77970b06ee0c440d113c48d3e28b3dca223b6d5c70f2c17ce6
scripts/run_all_tests.py,814,d901a35ae3051791c994faf595f3f91d9151dcbc0f1807f9909d5696d725701f
scripts/run_candidate_pipeline_full5.py,48602,d04017bd9d267d914106fdb75ef39bb85780d262b39a79efe075cf1cdc5b19a8
scripts/verify_checkpoints.py,7455,2593d6711941ee9d186e2709a9fc2e34e33cb1dd5b35242525ff88ac793f80a3
scripts/verify_release.py,8237,a97bc25d8f32f1f7c24a13943df14260f725cad428e61a91ee9d305c210d38f5
scripts/verify_splits.py,21453,ce5cca84819b5c848ac02aea1f1ec635a87b2ee3e10189b6b9168e03215ad4ae
splits/02bpp/HILL/d4a19bc259__config.json,1111,5310074e4a16957f879d38b342fea5f18bd37c17bd5512c5682612bf4aee0793
splits/02bpp/HUGO/9580f52fac__config.json,1111,f40bd479d0e845a4827a36e4efd2c8181a7de5f21c894230b9a0b5031a54c1e7
splits/02bpp/MiPOD/48e659a926__config.json,1115,70f0a14c2486b54fe13def30ae4d4a7ffc0a3dfc935f3d76d2a6e5706292ba6d
splits/02bpp/S_UNIWARD/730997474d__config.json,1130,f33b4c8760b87d6782d70a4ba9319d7bd89b679d2df391bf21bc8989747e5839
splits/02bpp/WOW/21ab862215__config.json,1107,f7b04fddc774209d97b0799359fc63df1966b3e93966510da380bb3f8f8c85a9
splits/04bpp/HILL/9c0e0315e3__config.json,1111,da06530f400ed727e981be8df47a43eca993dda559b1da7c21842e6fbd1a6cdb
splits/04bpp/HUGO/312974c376__config.json,1111,1eb62a8132639546b47f651ccda90a24116abc1f4fc7637c9499e926c5aaa365
splits/04bpp/MiPOD/e6f3a71d4a__config.json,1115,3644cd1a14fb3bd3cdaacd493f09e6dc6c02f41a1e361a0087d93f32558330a8
splits/04bpp/S_UNIWARD/9f2e76f8da__config.json,1130,30e92e9eab2f6b665b53d9d1f669e135223d105cc5a020e90d36f0ae90fb1946
splits/04bpp/WOW/6912b7738d__config.json,1107,f7135c0ff0cc6de2dfabfdf3fd7a3e40bf951b4c48240dc031c224062462aa97
splits/manifest_selected/0a360c67b6__split_train__copy7.csv,684465,f4d0d7755bf90a24f3e41ba6d60e0c39bb03679f6a41706e2c37e1aa24043dee
splits/manifest_selected/23a6fe7a33__split_global_summary__copy5.json,7919,9cfb03ff1eaaf233ed6ecf56aa7201d9f766f1239a72c5ad5be1d596be741291
splits/manifest_selected/2598c68ede__split_summary.json,288,f7372aeb83742759e80f75841a4cf3d0058e5f9006022982e366d61e4340f5a8
splits/manifest_selected/272a2781f4__split_pairs_test.json,232008,f45c0e08a84698b287e1d2d6ccf94116045328e072e484850aa78f6e73b90790
splits/manifest_selected/2da2a67505__split_test_paths__copy7.csv,128659,007dd9da339ed2c55b0dc48e7c60e24f9a81f0044ae7e7d4b95a004092313145
splits/manifest_selected/33e90bbd4e__split_ids__copy3.json,158956,f70ff9017ce9ff1709282fe169be63953f68904fea1a7ddca197c3bfba7b08ca
splits/manifest_selected/42c8a0eb37__split_test__copy6.csv,143696,bb4684bf65d03ef1be07b96c7f1b0d57a700e504b407bb1ffe03816615694141
splits/manifest_selected/45377bee5f__split_test_paths__copy6.csv,128659,963e88a98e26e181406b499ccdbc3eeef0beb082cd034ec7801d081ecfe2ecb0
splits/manifest_selected/4b1753ea9c__split_summary__copy7__copy1.json,2421,cdb011a834cc27e204c173d45ec7861209c17a30fa5d70e6785a046d234eec34
splits/manifest_selected/506e204d4d__splits.json,159150,0e770f5c03ac67cc5625bb60065f3430cf5fa3de4371e713aeb8c2f13853f42d
splits/manifest_selected/530f15e469__split_test__copy8.csv,145196,88db2f1c150ee45227c3de6f5766afc547928b6c0fa65702881e949aeb535c81
splits/manifest_selected/5a073e924e__shared_splits.json,158956,17e73e77fab074fb0be7e8e7eb4346a4d3106d577228003c66ae5f55d207d2ee
splits/manifest_selected/5f50cb66dd__split_policy_report.json,190,7fa56a807f35334c5d00f58927f6460bc5f639431d20941bd9b32c412a75bf80
splits/manifest_selected/6b6d326669__split_test_paths__copy8.csv,130159,13454bf2b4bdaff16268a8afed1c63ffbdc5fdbbc7ebd85090b5a09e58ea98bc
splits/manifest_selected/6f5d8603ff__split_test_paths__copy4__copy1.csv,127159,6d683ac2f000b2cf9ec7ad7db3d8e6f1b92532c3133a835450c279a9df431c61
splits/manifest_selected/72c163401f__split_summary__copy8__copy1.json,2335,bf89e7643941c5cd8fedaaa3eb25efb23633d4c3954ea51a4321a5927a9c896e
splits/manifest_selected/73da75045c__split_test__copy7.csv,143696,90c5986177ad68d6ced5ed92ca57d682cd178779ec0e724412d8dda92f7bc94c
splits/manifest_selected/74a91faf92__split_summary__copy9__copy1.json,2328,7f2ecd92a5621b97a515bcd2f209a105dd94a0f47f28b268eed6d13d8617c42e
splits/manifest_selected/7963e648cb__split_train__copy4__copy1.csv,677465,1282be942fe707b1d030fd7a6bd2adc52e8b07b9bf2576bc3218c36978b33135
splits/manifest_selected/7fb67c45f1__split_info__copy9.json,195,4e369d4d34c9ab4f1d0903674a832db9f8223d023b34be2c24c349297e2d0b51
splits/manifest_selected/8caca2c74f__split_policy_report.json,2411,011db64e71642870fc648681e3b8001a6bc03cf79296a5a8e7e6a3b7df8de375
splits/manifest_selected/91fa02ed72__BOSS_Spatial_BinaryDetector_Strict_Opt2_split_ids.json,118956,7fb4fcd3102a7e5de5c5fa32d42d75371eab82fe981b9b07cfc99a582cf63c0b
splits/manifest_selected/9621a334ea__splits__copy9.json,16139,b182bd7b100a52edffac31c53fc0d7949e57b180c9ebcf0f66d84c4cac955ff7
splits/manifest_selected/993ed96a0b__pair_validation_ids.csv,13349,8e757e3c8d775d365c59a9a9f05a6dfac8ede02efafca3b94c8ba898c0cd0ac9
splits/manifest_selected/997a6e061d__split_test__copy4__copy1.csv,142196,23f1aca20e0916836ed937699287001a782f4ba5a95b008d110a061cc2e19e53
splits/manifest_selected/99df896bed__split_test_paths__copy9.csv,136159,85dfd8d90d0bdefb6f447cd1090f827fcaee6744be4a4de6bc2d8a96aa2787d2
splits/manifest_selected/9a1ccc23a0__split_train__copy9.csv,719465,f9f1c54e6b45aac368b0c498fb4ff78aedf8412f6015c2c3e0318c9c9f5779dd
splits/manifest_selected/a241f234c3__split_train__copy8.csv,691465,c88d07e437c044dfbe93909c0a9292958557cdbc828b5513cc78fa951eeb88d5
splits/manifest_selected/ae90821ffb__split_val__copy8.csv,142166,0a40732f9c3078e0a3c458966a11368c1cd4204e9d5566ce486009f60330636a
splits/manifest_selected/b6928279c7__split_val__copy4__copy1.csv,139166,07a5324b276eceb703764f3746c5be85b4e4c6570bda3d960d76939a72b912dc
splits/manifest_selected/bf05d8366f__split_pairs_val.json,232005,05dfe9ab301a41b4b23a1f5f8083954794a6258958d908bb09608653019b0dab
splits/manifest_selected/c80a1f727e__split_test__copy9.csv,151196,d9bae39a363bcd98573136d25e5859b598382fea0b2c0652338c775b41e3a20a
splits/manifest_selected/c8c70a196f__split_val__copy6.csv,140666,2fa265c017e03a1d26a1f96388ab69293087fbf718a8d8bed7120af2a1974ad5
splits/manifest_selected/e39485fa8b__split_train__copy6.csv,684465,00390a78f14b8b14799f721e1975335ac5afc357a61d4275e4df341c9f527a78
splits/manifest_selected/e53ed4a115__split_pairs_train.json,1082678,885892f7b733da3f6a4c0db593fcc5d1eff07ffa0c90e139a0d988e12fb8726a
splits/manifest_selected/eb937e47c2__split_samples.json,2725651,55bbdf3a9133f43cbf7bfe732e4c0da112051c2218349a5b6687ae1909133c75
splits/manifest_selected/ed888aa753__split_val__copy7.csv,140666,15aa8552bb85f8d1b08e24158d6f678ae8944783758a04b11bdefb6e87f5476a
splits/manifest_selected/ef03a96726__splits.json,158962,0d64cd1524bf1ef24e9aa9a2a663bbc5e11a724df4f51cc5e7891cc41721dc51
splits/manifest_selected/f62097f0ba__split_ids.json,59504,e3fceee9cffac1c4be844c85eca79a5338d9dfa0f4245ee0afb4a44469e220dd
splits/manifest_selected/fe3b2d244d__split_val__copy9.csv,148166,9c166e9152f7537950f8077216b13fbd529b7a93084bcd3902d178cc22783d8a
src/model_definition_hsnnet_locked.py,11696,38dab29985c7a501c47f0f56abf53db0c73a5753887a6b5b357fb9672fafa0fa
